{"name":"0201d84a-dcdf-4b39-892b-b42cd1e829ab","id":"/providers/Microsoft.Flow/flows/0201d84a-dcdf-4b39-892b-b42cd1e829ab","type":"Microsoft.Flow/flows","properties":{"apiId":"/providers/Microsoft.PowerApps/apis/shared_logicflows","displayName":"ExportWaterTransactions","definition":{"metadata":{"workflowEntityId":null,"processAdvisorMetadata":null,"flowChargedByPaygo":null,"flowclientsuspensionreason":"None","flowclientsuspensiontime":null,"flowclientsuspensionreasondetails":null,"creator":{"id":"2393ca78-5560-4c48-a6af-6c1e023d4821","type":"User","tenantId":"757aa045-a844-4d07-b284-0bfdb26f8c0f"},"provisioningMethod":"FromDefinition","failureAlertSubscription":true,"clientLastModifiedTime":"2024-06-27T18:51:21.1409084Z","connectionKeySavedTimeKey":"2024-06-27T18:51:21.1409084Z"},"$schema":"https://schema.management.azure.com/providers/Microsoft.Logic/schemas/2016-06-01/workflowdefinition.json#","contentVersion":"1.0.0.0","parameters":{"$connections":{"defaultValue":{},"type":"Object"},"$authentication":{"defaultValue":{},"type":"SecureObject"}},"triggers":{"manual":{"metadata":{"operationMetadataId":"2096260c-a5ef-4ca3-986c-18cd6daab0f0"},"type":"Request","kind":"PowerAppV2","inputs":{"schema":{"type":"object","properties":{"text":{"title":"Input","type":"string","x-ms-dynamically-added":true,"description":"\"Text\"","x-ms-content-hint":"TEXT"}},"required":["text"]}}}},"actions":{"Verfassen":{"runAfter":{},"metadata":{"operationMetadataId":"3eb24026-0c71-405c-8199-82a696b726e7"},"type":"Compose","inputs":"@triggerBody()['text']"},"CSV-Tabelle_erstellen":{"runAfter":{"Verfassen":["Succeeded"]},"metadata":{"operationMetadataId":"cc37f54d-df6e-4c0a-9850-e2bdc0a8013d"},"type":"Table","inputs":{"from":"@json(outputs('Verfassen'))","format":"CSV"}},"Datei_erstellen":{"runAfter":{"CSV-Tabelle_erstellen":["Succeeded"]},"metadata":{"operationMetadataId":"7f6f6884-34a3-410e-b3df-a89f2eeaf7ef"},"type":"OpenApiConnection","inputs":{"host":{"apiId":"/providers/Microsoft.PowerApps/apis/shared_onedriveforbusiness","connectionName":"shared_onedriveforbusiness","operationId":"CreateFile"},"parameters":{"folderPath":"/","name":"@{utcNow()}.csv","body":"@body('CSV-Tabelle_erstellen')"},"authentication":{"value":"@json(decodeBase64(triggerOutputs().headers['X-MS-APIM-Tokens']))['$ConnectionKey']","type":"Raw"}},"runtimeConfiguration":{"contentTransfer":{"transferMode":"Chunked"}}},"Freigabelink_erstellen":{"runAfter":{"Datei_erstellen":["Succeeded"]},"metadata":{"operationMetadataId":"413ec5da-5f7b-47ec-b86f-74cc86710063"},"type":"OpenApiConnection","inputs":{"host":{"apiId":"/providers/Microsoft.PowerApps/apis/shared_onedriveforbusiness","connectionName":"shared_onedriveforbusiness","operationId":"CreateShareLinkV2"},"parameters":{"id":"@outputs('Datei_erstellen')?['body/Id']","type":"View","scope":"Organization"},"authentication":{"value":"@json(decodeBase64(triggerOutputs().headers['X-MS-APIM-Tokens']))['$ConnectionKey']","type":"Raw"}}},"Respond_to_a_Power_App_or_flow":{"runAfter":{"Freigabelink_erstellen":["Succeeded"]},"metadata":{"operationMetadataId":"b69ae844-f3a4-405b-87f9-f7726b67c8d3"},"type":"Response","kind":"PowerApp","inputs":{"statusCode":200,"body":{"csv_url":"@outputs('Freigabelink_erstellen')?['body/WebUrl']"},"schema":{"type":"object","properties":{"csv_url":{"title":"csv_url","x-ms-dynamically-added":true,"type":"string"}}}}}}},"connectionReferences":{"shared_onedriveforbusiness":{"connectionName":"shared-onedriveforbu-604712b7-72c8-43bd-b313-3d9a86b73185","source":"Invoker","id":"/providers/Microsoft.PowerApps/apis/shared_onedriveforbusiness","tier":"NotSpecified"}},"flowFailureAlertSubscribed":false,"isManaged":false}}