{"schemaVersion":"1.0","appDefinitionTemplate":{"id":"/providers/Microsoft.PowerApps/apps/","type":"Microsoft.PowerApps/apps","tags":{"primaryDeviceWidth":"1366","primaryDeviceHeight":"768","supportsPortrait":"true","supportsLandscape":"true","primaryFormFactor":"Tablet","showStatusBar":"false","publisherVersion":"3.24064.18","minimumRequiredApiVersion":"2.2.0","hasComponent":"true","hasUnlockedComponent":"true","isUnifiedRootApp":"false","sienaVersion":"20240701T142906Z-3.24063.22.0"},"properties":{"appVersion":"2024-07-04T08:22:34Z","lifeCycleId":"Published","createdByClientVersion":{"major":3,"minor":24064,"build":18,"revision":0,"majorRevision":0,"minorRevision":0},"minClientVersion":{"major":3,"minor":24064,"build":18,"revision":0,"majorRevision":0,"minorRevision":0},"backgroundColor":"rgba(0, 176, 240, 1)","backgroundImageUri":"/13051406748822173583/N6fa1d244-314c-4cf2-a3ee-ae12b8c5f841-logoSmallFile","displayName":"Refill","description":"","commitMessage":"","appUris":{"documentUri":{"value":"/13051406748822173583/Nc97a71c9-54a5-42a9-88aa-3bef3753e1aa-document.msapp"},"imageUris":[],"additionalUris":[{"isSolutionAware":false,"value":"/13051406748822173583/N3bec0c55-8f4e-4706-b107-6b70f6b337aa-identity.json"}]},"createdTime":"0001-01-01T00:00:00Z","lastModifiedTime":"0001-01-01T00:00:00Z","sharedGroupsCount":0,"sharedUsersCount":0,"connectionReferences":{"30d40d48-ba7e-4596-9ab8-6d1f49d536c2":{"id":"eb361d37-d45c-4476-8695-93e4860586ab","displayName":"PostgreSQL","runtimePolicyName":"3c271b4d-e185-4601-aabb-32af41f2609a","executionRestrictions":{"version":1,"modifiedOn":"2024-07-04 08:22:32","appVer":"3.24064.18","apiId":"/providers/microsoft.powerapps/apis/shared_postgresql","apiVer":1,"policy":"{\"type\":\"tabular\",\"dataSources\":{\"[public].[refill_stations]\":[\"post\",\"patch\",\"get\"],\"[public].[refill_station_problem]\":[\"post\",\"patch\",\"get\"],\"[public].[water_transactions]\":[\"get\"],\"[public].[users]\":[\"get\"]}}"},"iconUri":"https://connectoricons-prod.azureedge.net/releases/v1.0.1694/1.0.1694.3752/postgresql/icon.png","dataSources":["public.refill_stations","public.refill_station_problem","public.water_transactions","public.likes","public.users"],"dependencies":[],"dependents":[],"parameterHints":{},"parameterHintsV2":{},"isOnPremiseConnection":false,"sharedConnectionId":"240abf49-ca35-4861-9218-fb6194dbcc81","bypassConsent":false,"dataSets":{"default":{"dataSources":{"public.refill_stations":{"tableName":"[public].[refill_stations]"},"public.refill_station_problem":{"tableName":"[public].[refill_station_problem]"},"public.water_transactions":{"tableName":"[public].[water_transactions]"},"public.likes":{"tableName":"[public].[likes]"},"public.users":{"tableName":"[public].[users]"}}}},"apiTier":"Premium","isCustomApiConnection":false,"actions":["providers/PowerPlatform.Governance/Operations/Read","providers/PowerPlatform.Governance/Operations/Write"]},"1af924e3-5159-4abc-96be-e77b6d7d414c":{"id":"2a0c8eb4-d8bc-41a2-a085-888742ecb8d6","displayName":"Spatial Services","iconUri":"https://connectoricons-prod.azureedge.net/releases/v1.0.1675/1.0.1675.3608/microsoftspatialservices/icon.png","dataSources":["SpatialServices","SpatialServices_1"],"dependencies":[],"dependents":[],"parameterHints":{},"parameterHintsV2":{},"isOnPremiseConnection":false,"bypassConsent":false,"dataSets":{},"apiTier":"Premium","isCustomApiConnection":false},"b9c3911b-d30f-457f-8b07-f2eec729f54a":{"id":"7808cc2b-a0d6-40ac-ad8a-5cb082f43c75","displayName":"Logik-Flows","iconUri":"https://connectoricons-prod.azureedge.net/releases/v1.0.1697/1.0.1697.3784/logicflows/icon.png","dataSources":["ExportWaterTransactions"],"dependencies":["d3da2500-990c-4eae-8bfc-1320ea09bcf9"],"dependents":[],"parameterHints":{"workflowName":{"value":"3e21fdc1-b367-482e-8109-e60583a32847"},"workflowEntityId":{},"workflowDisplayName":{"value":"ExportWaterTransactions"},"d3da2500-990c-4eae-8bfc-1320ea09bcf9":{"value":"shared_onedriveforbusiness"}},"parameterHintsV2":{"workflowName":{"value":"3e21fdc1-b367-482e-8109-e60583a32847"},"workflowEntityId":{},"workflowDisplayName":{"value":"ExportWaterTransactions"},"shared_onedriveforbusiness":{"value":"d3da2500-990c-4eae-8bfc-1320ea09bcf9"}},"isOnPremiseConnection":false,"bypassConsent":false,"dataSets":{},"apiTier":"Standard","isCustomApiConnection":false,"actions":["Run"],"nestedActions":[{"id":"/providers/Microsoft.PowerApps/apis/shared_onedriveforbusiness/apiOperations/CreateFile","apiName":"OneDrive for Business","actionName":"CreateFile","referencedResources":[]},{"id":"/providers/Microsoft.PowerApps/apis/shared_onedriveforbusiness/apiOperations/CreateShareLinkV2","apiName":"OneDrive for Business","actionName":"CreateShareLinkV2","referencedResources":[]}]},"d3da2500-990c-4eae-8bfc-1320ea09bcf9":{"id":"739a0358-3b60-4251-b986-df2d959541c4","displayName":"OneDrive for Business","iconUri":"https://connectoricons-prod.azureedge.net/releases/v1.0.1689/1.0.1689.3722/onedriveforbusiness/icon.png","dataSources":[],"dependencies":[],"dependents":["b9c3911b-d30f-457f-8b07-f2eec729f54a"],"parameterHints":{},"parameterHintsV2":{},"isOnPremiseConnection":false,"bypassConsent":false,"dataSets":{},"apiTier":"Standard","isCustomApiConnection":false}},"databaseReferences":{"default.cds":{"databaseDetails":{"referenceType":"Environmental","environmentName":"default.cds","overrideValues":{"status":"NotSpecified","environmentVariableName":""}},"dataSources":{"RefillStations":{"entitySetName":"cr929_refillstationses","logicalName":"cr929_refillstations","isHidden":false},"Benutzer":{"entitySetName":"systemusers","logicalName":"systemuser","isHidden":false}}}},"almMode":"Environment","performanceOptimizationEnabled":true,"canConsumeAppPass":true,"enableModernRuntimeMode":false,"executionRestrictions":{"isTeamsOnly":false,"dataLossPreventionEvaluationResult":{"status":"Compliant","lastEvaluationDate":"2024-07-04T08:22:37.5678489Z","violations":[],"violationsByPolicy":[],"violationErrorMessage":"Die App verwendet die folgenden Connectors: shared_postgresql, shared_microsoftspatialservices, shared_logicflows, shared_onedriveforbusiness, shared_commondataservice."},"httpActionRestriction":{"appUsesSharepointHttpAction":false,"enforcementStrategy":"Legacy","evaluationTime":"2024-07-04T08:22:37.5676969Z"}}},"appType":"ClassicCanvasApp","appComponents":[]}}